13	confirm	true
13	delivery_address	{"firstname":"sdfsafd","lastname":"sadfsadf","company":"sdfsadf","address":"sdfsadf","zip":"2345","city":"dsds","country":"AT","email":"cleopolder@gmx.at"}
28	confirm	true
28	delivery_address	{"firstname":"Thomas","lastname":"Ballmann","company":"elements.at GmbH","address":"schallmooser hauptstra\\u00dfe","zip":"5020","city":"Salzburg","country":"AT"}
28	paymentPayPal	{"TransactionID":"77067009H6048444F","Errors":[]}
29	confirm	true
29	delivery_address	{"firstname":"Thomas","lastname":"Ballmann","company":"elements.at GmbH","address":"schallmooser hauptstra\\u00dfe","zip":"5020","city":"Salzburg","country":"AT"}
29	paymentPayPal	{"TransactionID":null,"Errors":[]}
29	paymentQPay	{"gatewayReferenceNumber":"DGW_9804502_RN","Errors":[]}
31	confirm	true
31	delivery_address	{"firstname":"Thomas","lastname":"Ballmann","company":null,"address":"Heideweg","zip":"83395","city":"Freilassing","country":"DE"}
31	paymentPayPal	{"TransactionID":null,"Errors":[]}
32	confirm	true
32	delivery_address	{"firstname":"sdsafsd","lastname":"sfsagfd f","company":"sadfsadf","address":"safsadf","zip":"3425","city":"afsadf","country":"at"}
32	paymentQPay	{"gatewayReferenceNumber":"DGW_11681314_RN","Errors":[]}
33	confirm	true
33	delivery_address	{"firstname":"sdg sdgsd","lastname":"sdgsdg dfgfg","company":"dgsdfg","address":"dgsdgsdfg","zip":"3556","city":"dgsdg","country":"at"}
33	paymentQPay	{"gatewayReferenceNumber":"DGW_12050898_RN","Errors":[]}
34	confirm	true
34	delivery_address	{"firstname":"afasdf","lastname":"safsadf","company":"234f sdf","address":"safsadf","zip":"2345","city":"sdfsaf","country":"at"}
34	paymentQPay	{"gatewayReferenceNumber":"DGW_12169598_RN","Errors":[]}
35	confirm	true
35	delivery_address	{"firstname":"xycvxycvxy","lastname":"xycvxycv","company":"xycvxyv","address":"xycvxyvxycvxc","zip":"3345","city":"sdsaf","country":"at"}
35	paymentPayPal	{"TransactionID":"31200660FV6946920","Errors":[]}
35	paymentQPay	{"gatewayReferenceNumber":null,"Errors":[]}
36	confirm	true
36	delivery_address	{"firstname":"safsadf","lastname":"sadfsadf","company":"safsadfd","address":"sadfsadf","zip":"2453","city":"sadfsadfa","country":"at"}
36	paymentPayPal	{"TransactionID":null,"Errors":["This transaction cannot be processed. The amount to be charged is zero."]}
36	paymentQPay	{"gatewayReferenceNumber":"DGW_15937259_RN","Errors":[]}
37	confirm	true
37	delivery_address	{"firstname":"sfafasdf","lastname":"safsadsadfsadf","company":"safsadf","address":"sadfsadfsafsadf23","zip":"23435","city":"sdsdgsdf","country":"at"}
37	paymentQPay	{"gatewayReferenceNumber":"DGW_412817_RN","Errors":[]}
38	confirm	true
38	delivery_address	{"firstname":"sdfsadfasdf","lastname":"sadfsafsadf","company":"safsadf","address":"sadfsadfsafsadf23","zip":"34534","city":"adf sadf ds","country":"at"}
38	paymentQPay	{"gatewayReferenceNumber":"DGW_2430376_RN","Errors":[]}
39	confirm	true
39	delivery_address	{"firstname":"safsadf","lastname":"sadfsadfsdfsadf","company":"sadfsadfsad","address":"sadfsadfsd","zip":"34534","city":"sdfsadfd","country":"at"}
39	paymentQPay	{"gatewayReferenceNumber":"DGW_2501364_RN","Errors":[]}
40	confirm	true
40	delivery_address	{"firstname":"sasadf","lastname":"sadfsadfsdfsadf","company":"sadfsdfsadf","address":"sadfsadfsafsadf23","zip":"2453","city":"afsadf","country":"at"}
40	paymentQPay	{"gatewayReferenceNumber":"DGW_3232565_RN","Errors":[]}
41	confirm	true
41	delivery_address	{"firstname":"safsadf","lastname":"fsdgsdgfsdg","company":"234f sdf","address":"sadfsadfsafsadf23","zip":"2453","city":"dfgdfg","country":"at"}
41	paymentQPay	{"gatewayReferenceNumber":"DGW_4298455_RN","Errors":[]}
42	paymentQPay	{"gatewayReferenceNumber":null,"Errors":null}
43	paymentQPay	{"gatewayReferenceNumber":null,"Errors":null}
