5ae032ea-1e48-5142-8cad-f5cd5ef0d97e	36	class	demo-ecommerce
1aadf7f1-d0cb-5c4e-b558-a359c82e22b2	37	class	demo-ecommerce
c300495d-c4dc-5e1c-981f-ab63a8b598be	38	class	demo-ecommerce
daa48645-1b4a-5a02-b6f0-2abd8f23d5c7	39	class	demo-ecommerce
961b367d-56e7-56a7-87ab-0027f02bac11	40	class	demo-ecommerce
08b4582c-221b-55d8-b27b-246a65ad5545	41	class	demo-ecommerce
e8825f9b-1d5f-5dae-aa2e-eefd0565a530	12122	object	onlineshop-demo
512e2557-0d5e-5a54-93a0-1b7f9af56f10	12123	object	onlineshop-demo
860806c6-d8ed-54b3-97e0-0c565b582628	12124	object	onlineshop-demo
80fc9a30-dc49-529f-91c2-6a90e3c8fc47	12125	object	onlineshop-demo
78a8701b-8373-5ba2-aea1-a3184ba11ce1	12126	object	onlineshop-demo
b482487d-17ef-5511-b9b7-e2f85e3d5264	12127	object	onlineshop-demo
67e4616c-b002-51e0-a02f-4b3c5f30176b	12128	object	onlineshop-demo
bc71c125-ab5c-5770-8eb5-973d675cd017	12132	object	onlineshop-demo
d13472d5-6f2b-5e8c-9ed5-5331196c4b02	12133	object	onlineshop-demo
ac30ed8d-298f-5f5b-9c47-6bfb8b2d288e	12134	object	onlineshop-demo
789e5f8c-e77e-5475-bf62-eaa92484a458	12135	object	onlineshop-demo
102520b7-e95f-512c-ab90-c5975d9f5f54	12136	object	onlineshop-demo
86a09f79-85df-570e-a1cb-a3829d6fa821	12137	object	onlineshop-demo
d0e19a7f-c63d-5c81-8060-437a1639d6a0	12138	object	onlineshop-demo
789df726-22a6-50da-b691-2ede4e6cfd7a	12139	object	onlineshop-demo
e7af4162-57f1-5bc0-b3e3-54d64076a1df	12140	object	onlineshop-demo
121aae6a-1b79-5035-9494-1bd0aea69854	12141	object	onlineshop-demo
331f69b5-a5d3-530f-8851-c4097cba797b	12142	object	onlineshop-demo
4a42a188-2202-5acc-9ebb-3bc89ec84b00	12143	object	onlineshop-demo
d1d9e08b-ca77-5260-886a-7160f4df545e	12144	object	onlineshop-demo
3c4553e6-44bb-5cce-80d9-b094784e2eb4	12145	object	onlineshop-demo
c0e68ce8-9d72-5709-ac4f-199481d56894	12146	object	onlineshop-demo
992d0234-e392-5d0b-a11e-9ea29fc040ed	12147	object	onlineshop-demo
6608b069-924b-5893-b8cb-93b06636d169	12148	object	onlineshop-demo
c5e2a1ed-743a-585e-99e6-5ccaff984909	12149	object	onlineshop-demo
ef45d20d-224c-5f59-9471-af6705a868d2	12150	object	onlineshop-demo
a1f500a8-f743-5eeb-bb48-203d414e1761	12151	object	onlineshop-demo
070af0e7-0f69-5939-a8c3-e83e8a5681d6	12152	object	onlineshop-demo
75bf1f03-edc8-5e1a-bcb7-b1b130fb1591	12153	object	onlineshop-demo
d0401e3b-73a5-54b4-8152-0417cc75a3e9	12154	object	onlineshop-demo
8980e5cb-51ac-57eb-b0ec-f702dd2e9998	12155	object	onlineshop-demo
d6238c7d-06d3-51b1-b93a-724e8081d6bc	12156	object	onlineshop-demo
87bcb419-cf42-5b3c-847b-9bb0b579ea12	12157	object	onlineshop-demo
48d23bce-6220-5b73-91d5-9ea1886b4256	12158	object	onlineshop-demo
c6d524ea-2eb0-5eba-b6ec-8036ca65996a	12159	object	onlineshop-demo
a7828271-f81f-5265-a88b-af61d03fd747	12160	object	onlineshop-demo
84969d0a-ca4a-554e-bc77-d6ceef371695	12161	object	onlineshop-demo
df560d9e-c20a-52bf-a3b4-eeed64ed5c88	12162	object	onlineshop-demo
4600b1d6-99dd-5dfc-9b6a-938e5dc44647	12163	object	onlineshop-demo
260e45c1-c551-543a-876d-1075c679ac8e	12164	object	onlineshop-demo
5a045da6-795e-55e7-9f02-5a5ba92c28d4	12171	object	onlineshop-demo
875b25ad-31b9-5a59-88a3-a6f34aad628d	12172	object	onlineshop-demo
243c1773-e896-5390-b7fc-6fd96cccffcd	12173	object	onlineshop-demo
9edbc5f5-63a8-5cab-9849-bf535882d5c9	12176	object	onlineshop-demo
7872b8e8-dbbf-5543-849e-ac6b59a663ff	12177	object	onlineshop-demo
14f0ecf5-4a3f-51c2-abe0-d14d7fd57edf	12180	object	onlineshop-demo
b751fcd1-212f-5e85-944f-42b0127cd81e	12181	object	onlineshop-demo
fb66ea47-2f91-5c06-924d-b568d9e116ff	12182	object	onlineshop-demo
78651c78-5edb-526e-9d4b-507c995ded17	12183	object	onlineshop-demo
467e5478-b939-544e-b4d0-e4bf6b5d0c3b	12184	object	onlineshop-demo
0bc163a6-93aa-5152-9ffc-c12e8e0b23ab	12185	object	onlineshop-demo
3f4738eb-b149-576a-b2df-20baa08cf70b	12186	object	onlineshop-demo
2e85a144-8090-5f55-b1bc-1343129b994f	12187	object	onlineshop-demo
0d18c652-bb5e-5c43-9169-d8d6e188a8d7	12188	object	onlineshop-demo
59f86349-3db4-5f98-bc00-62bfca5861b2	12189	object	onlineshop-demo
3b607139-8e64-5a54-bfe0-0293aa2e3a18	12190	object	onlineshop-demo
d2f36011-19a1-5763-bc65-5f9e772c17aa	12191	object	onlineshop-demo
4565d9d6-15d4-50de-b7f8-cdfa780c614d	12192	object	onlineshop-demo
95cd0dd0-8ab7-5011-8a30-d06675cc37a3	12193	object	onlineshop-demo
f440d81a-c6d8-5f63-9e44-34833e7b48ee	12204	object	onlineshop-demo
6922d8be-51f8-5e03-b5c6-4ef155387ec1	12205	object	onlineshop-demo
1389b008-f9fb-5a32-bc57-2df783af6f8f	12206	object	onlineshop-demo
3acbc281-7c93-546d-8f5e-a702a1fa0b2b	12207	object	onlineshop-demo
21dd6129-1630-5846-bb3a-81aa9ffb3598	12208	object	onlineshop-demo
7e177a86-5d5c-551d-90f7-b85a89f8e468	12209	object	onlineshop-demo
817df502-b7f7-5c62-aab8-e09cb14d6298	12210	object	onlineshop-demo
8c9552ed-51c7-5b23-83dc-5d6b1c2fdd8e	12211	object	onlineshop-demo
9ca8bcf8-c080-5135-bf46-315dc9844304	12212	object	onlineshop-demo
1d055ffe-5b62-5728-b5a5-0eec0101cd8a	12213	object	onlineshop-demo
44a48b56-dc17-579b-9aed-d6489efeda76	12214	object	onlineshop-demo
9972097c-ce18-5c7a-9553-2891c0b50a60	12215	object	onlineshop-demo
7a783dc8-a18e-5dd7-9038-5a25781f8869	12216	object	onlineshop-demo
1fc63320-b5c6-5c3f-9497-768d32d7b923	12237	object	onlineshop-demo
e5a86de7-2e61-56a2-9cf3-743fc0eb39ac	12238	object	onlineshop-demo
bbc6bb2f-40fe-585c-b7d7-2ab8decaf9e5	12239	object	onlineshop-demo
f89a8563-dadc-5c64-a138-8062a23ffd82	12240	object	onlineshop-demo
f13b185b-e373-59bc-af82-a22c6a12f977	12241	object	onlineshop-demo
77258067-a258-5dad-a334-0cd1f6f8223b	12242	object	onlineshop-demo
c2938feb-0750-523e-82f5-75b0e3b7e483	12243	object	onlineshop-demo
de69ac88-a420-5696-8d6d-8521961dd547	12245	object	demo-ecommerce
f07198c1-75cf-51ff-8452-3593390e0b44	12246	object	demo-ecommerce
8f67f577-ef4b-58af-966e-557cf79c8ca1	12250	object	demo-ecommerce
d359811a-012f-5710-af65-c62cb11e36b3	12251	object	demo-ecommerce
fb5dff87-d204-5728-8e54-d63b589badac	12252	object	demo-ecommerce
63c4ecfe-825d-5497-985e-4b1adf577e04	12253	object	demo-ecommerce
acfe6dce-4ad5-56a8-be71-9191db113400	12254	object	demo-ecommerce
fb06ff8a-d902-5978-aefe-80b20f9ae15b	12271	object	demo-ecommerce
386bf813-cef4-526a-89ec-0b6a84d140dd	12272	object	demo-ecommerce
4bdcef8d-3056-5fac-ba3a-d36c3cd985c3	12273	object	demo-ecommerce
d92cbaa2-ae57-5ae3-a5da-da43ab813b59	12274	object	demo-ecommerce
42002b05-3568-58fc-b539-6d4bfc6dbd0a	12331	object	demo-ecommerce
a2b8662b-ebc5-5915-84c6-2e0bba2d2dd4	12336	object	demo-ecommerce
9e4073b3-0e99-5ee0-9168-d5ef2dd5cfac	12337	object	demo-ecommerce
3ae4f05c-52c4-57d3-b409-a65ee837758e	12356	object	demo-ecommerce
f3cfe97b-bb31-5760-b7bb-5a2bb44a4c80	12360	object	demo-ecommerce
4f43dae9-435d-5ff4-99a1-2a7f4312f3f7	12361	object	demo-ecommerce
e2da1da5-0ed0-538d-8ba9-fb0a3c71aabc	12362	object	demo-ecommerce
28812268-7250-5c53-b075-8834711a109d	12363	object	demo-ecommerce
29d3f421-e1e2-59f2-8349-816430463fcb	12364	object	demo-ecommerce
7f194a08-48de-5849-82e4-e1fc2ea8c5e4	12365	object	demo-ecommerce
e87edd76-1b74-51dc-9233-240310db71b9	12366	object	demo-ecommerce
467a5dc3-67ef-5ede-a0d5-dbf52c3767c9	12367	object	demo-ecommerce
78f20a44-accd-556f-881d-42512fad9093	12372	object	demo-ecommerce
9761ff30-56e3-5853-9f4c-4c1d383774c4	12373	object	demo-ecommerce
4b4985f4-fbed-53fb-878b-ecd61f2681a0	12376	object	demo-ecommerce
0002fb06-48aa-5afc-8d7c-da1d1c0db201	12377	object	demo-ecommerce
e08ff907-17df-5f1f-adb7-ce4421eacbe5	12378	object	demo-ecommerce
4ecc7b45-951e-5b58-b121-e296ed8d94d6	12379	object	demo-ecommerce
ed02e5b7-4141-5790-afc6-b2ef89f0335a	12380	object	demo-ecommerce
87d0bac8-93f5-5bdf-95ff-a0c045618c6a	12381	object	demo-ecommerce
c4752a2b-377c-59e4-88b9-41c5c22193e8	12382	object	demo-ecommerce
c4802906-63e4-5464-bb55-5bdccfee20e9	12383	object	demo-ecommerce
c9fc631d-3225-5621-974a-2539fc638ccb	12384	object	demo-ecommerce
48ce3d43-c874-5519-a5dc-bf75e04ffcb2	12387	object	demo-ecommerce
c952dc05-8683-581e-8545-8b45b49e7e3b	12395	object	demo-ecommerce
bd7ffe50-66e3-56f6-a507-0f613eb28dd5	12396	object	demo-ecommerce
ad89c377-1f2a-590c-80db-ce9861014928	12399	object	demo-ecommerce
3fc34d45-7ea0-5a19-a495-9da56b680f73	12402	object	demo-ecommerce
a286ef8b-cc3d-550e-9855-559bf4c8f1ee	12403	object	demo-ecommerce
bcd032ef-f643-5ac5-86f2-16d84a22334c	12404	object	demo-ecommerce
fee23e3c-5731-56dd-ae16-1b48e8336d2a	12405	object	demo-ecommerce
ee1e43d4-7d99-5e08-aab8-9198c5550b04	12406	object	demo-ecommerce
dc9dddf6-c419-5c38-b76f-1332445b2f52	12407	object	demo-ecommerce
3fdbc9b1-422c-5d6d-af4b-a466cb29a196	12408	object	demo-ecommerce
0179ee5d-6e89-5be7-8187-5d9e3e770e8c	12409	object	demo-ecommerce
c4da975a-ecf2-505c-b3ef-d39a0f58196b	12410	object	demo-ecommerce
024a4bbe-df2c-5574-be94-86cbd29ec85f	12411	object	demo-ecommerce
03d510a2-444a-592a-8bff-cebc54f09c8d	12412	object	demo-ecommerce
e9ed7119-0e8e-5966-9027-8bb4c2a296a8	12413	object	demo-ecommerce
c264dcaa-4f35-55a6-87ae-7a59eab696ed	12414	object	demo-ecommerce
78b50a61-4b26-5fcf-b833-534b249f9257	12415	object	demo-ecommerce
f4ed7827-e8a7-5337-99f5-e691e183286d	12416	object	demo-ecommerce
