100	14	\N	\N	\N
102	14	\N	\N	\N
103	14	\N	\N	\N
104	16	\N	\N	\N
106	14	\N	\N	\N
110	16	\N	\N	\N
111	16	\N	\N	\N
113	16	\N	\N	\N
121	16	\N	\N	\N
122	16	\N	\N	\N
125	16	\N	\N	\N
127	15	\N	\N	\N
129	14	\N	\N	\N
131	15	\N	\N	\N
132	16	\N	\N	\N
134	16	\N	\N	\N
136	16	\N	\N	\N
137	14	\N	\N	\N
139	15	\N	\N	\N
140	16	\N	\N	\N
141	16	\N	\N	\N
142	15	\N	\N	\N
144	16	\N	\N	\N
146	15	\N	\N	\N
148	16	\N	\N	\N
149	16	\N	\N	\N
150	15	\N	\N	\N
151	16	\N	\N	\N
153	16	\N	\N	\N
154	16	\N	\N	\N
158	16	\N	\N	\N
159	16	\N	\N	\N
161	16	\N	\N	\N
162	16	\N	\N	\N
163	16	\N	\N	\N
166	16	\N	\N	\N
167	16	\N	\N	\N
168	16	\N	\N	\N
171	16	\N	\N	\N
172	16	\N	\N	\N
178	16	\N	\N	\N
180	16	\N	\N	\N
181	16	\N	\N	\N
184	16	\N	\N	\N
185	16	\N	\N	\N
186	16	\N	\N	\N
187	16	\N	\N	\N
189	16	\N	\N	\N
191	16	\N	\N	\N
193	16	\N	\N	\N
195	16	\N	\N	\N
196	16	\N	\N	\N
197	14	\N	\N	\N
198	14	\N	\N	\N
205	14	\N	\N	\N
214	14	\N	\N	\N
218	14	\N	\N	\N
224	14	\N	\N	\N
228	14	\N	\N	\N
232	14	\N	\N	\N
236	14	\N	\N	\N
240	14	\N	\N	\N
244	14	\N	\N	\N
246	14	\N	\N	\N
247	14	\N	\N	\N
250	14	\N	\N	\N
253	14	\N	\N	\N
256	14	\N	\N	\N
275	14	\N	\N	\N
291	14	\N	\N	\N
295	14	\N	\N	\N
297	14	\N	\N	\N
326	14	\N	\N	\N
345	14	\N	\N	\N
354	14	\N	\N	\N
495	14	\N	\N	\N
500	16	\N	\N	\N
501	16	\N	\N	\N
502	16	\N	\N	\N
503	16	\N	\N	\N
504	16	\N	\N	\N
507	16	\N	\N	\N
510	16	\N	\N	\N
513	16	\N	\N	\N
514	16	\N	\N	\N
515	16	\N	\N	\N
517	16	\N	\N	\N
518	16	\N	\N	\N
519	16	\N	\N	\N
520	16	\N	\N	\N
522	16	\N	\N	\N
524	16	\N	\N	\N
525	16	\N	\N	\N
528	16	\N	\N	\N
530	16	\N	\N	\N
531	16	\N	\N	\N
532	16	\N	\N	\N
533	16	\N	\N	\N
534	16	\N	\N	\N
537	16	\N	\N	\N
538	16	\N	\N	\N
540	16	\N	\N	\N
541	16	\N	\N	\N
543	16	\N	\N	\N
544	16	\N	\N	\N
546	16	\N	\N	\N
547	16	\N	\N	\N
548	16	\N	\N	\N
549	16	\N	\N	\N
551	16	\N	\N	\N
552	16	\N	\N	\N
554	16	\N	\N	\N
555	16	\N	\N	\N
556	16	\N	\N	\N
557	16	\N	\N	\N
558	16	\N	\N	\N
560	16	\N	\N	\N
561	16	\N	\N	\N
562	16	\N	\N	\N
565	16	\N	\N	\N
566	16	\N	\N	\N
567	16	\N	\N	\N
568	16	\N	\N	\N
570	16	\N	\N	\N
571	16	\N	\N	\N
572	16	\N	\N	\N
573	16	\N	\N	\N
574	16	\N	\N	\N
575	16	\N	\N	\N
576	16	\N	\N	\N
577	16	\N	\N	\N
579	16	\N	\N	\N
580	16	\N	\N	\N
581	16	\N	\N	\N
584	16	\N	\N	\N
586	16	\N	\N	\N
587	16	\N	\N	\N
588	16	\N	\N	\N
589	16	\N	\N	\N
591	16	\N	\N	\N
593	16	\N	\N	\N
594	16	\N	\N	\N
596	16	\N	\N	\N
597	16	\N	\N	\N
598	16	\N	\N	\N
599	16	\N	\N	\N
601	16	\N	\N	\N
602	16	\N	\N	\N
603	16	\N	\N	\N
604	16	\N	\N	\N
607	16	\N	\N	\N
610	16	\N	\N	\N
611	16	\N	\N	\N
615	16	\N	\N	\N
618	16	\N	\N	\N
621	16	\N	\N	\N
622	16	\N	\N	\N
624	16	\N	\N	\N
626	16	\N	\N	\N
630	16	\N	\N	\N
632	16	\N	\N	\N
634	16	\N	\N	\N
636	16	\N	\N	\N
638	16	\N	\N	\N
639	16	\N	\N	\N
932	14	\N	\N	\N
934	16	\N	\N	\N
1095	12	\N	\N	\N
1096	12	\N	\N	\N
1103	14	\N	\N	\N
1105	12	\N	\N	\N
1106	12	\N	\N	\N
1112	12	\N	\N	\N
1116	12	\N	\N	\N
1117	12	\N	\N	\N
1122	12	\N	\N	\N
1125	12	\N	\N	\N
1126	12	\N	\N	\N
1128	12	\N	\N	\N
1129	12	\N	\N	\N
1133	12	\N	\N	\N
1134	12	\N	\N	\N
1136	12	\N	\N	\N
1139	12	\N	\N	\N
1141	12	\N	\N	\N
1143	15	\N	\N	\N
1148	12	\N	\N	\N
1151	12	\N	\N	\N
1153	12	\N	\N	\N
1155	12	\N	\N	\N
1157	12	\N	\N	\N
1158	12	\N	\N	\N
1160	12	\N	\N	\N
1162	12	\N	\N	\N
1164	12	\N	\N	\N
1166	12	\N	\N	\N
1168	12	\N	\N	\N
1169	12	\N	\N	\N
1170	12	\N	\N	\N
1173	12	\N	\N	\N
1174	12	\N	\N	\N
1176	12	\N	\N	\N
1177	12	\N	\N	\N
1180	12	\N	\N	\N
1181	12	\N	\N	\N
1182	12	\N	\N	\N
1183	12	\N	\N	\N
1186	12	\N	\N	\N
1188	12	\N	\N	\N
1190	12	\N	\N	\N
1191	12	\N	\N	\N
1192	12	\N	\N	\N
1194	12	\N	\N	\N
1195	12	\N	\N	\N
1196	12	\N	\N	\N
1197	12	\N	\N	\N
1199	12	\N	\N	\N
1200	12	\N	\N	\N
1201	12	\N	\N	\N
1202	12	\N	\N	\N
1204	12	\N	\N	\N
1206	12	\N	\N	\N
1207	12	\N	\N	\N
1208	12	\N	\N	\N
1209	12	\N	\N	\N
1211	12	\N	\N	\N
1213	12	\N	\N	\N
1214	12	\N	\N	\N
1215	12	\N	\N	\N
1216	12	\N	\N	\N
1217	12	\N	\N	\N
1218	12	\N	\N	\N
1219	12	\N	\N	\N
1220	12	\N	\N	\N
1221	12	\N	\N	\N
1222	12	\N	\N	\N
1223	12	\N	\N	\N
1224	12	\N	\N	\N
1226	12	\N	\N	\N
1227	12	\N	\N	\N
1228	12	\N	\N	\N
1229	12	\N	\N	\N
1230	12	\N	\N	\N
1231	12	\N	\N	\N
1232	12	\N	\N	\N
1234	12	\N	\N	\N
1236	12	\N	\N	\N
1237	12	\N	\N	\N
1238	12	\N	\N	\N
1239	12	\N	\N	\N
1240	12	\N	\N	\N
1242	12	\N	\N	\N
1243	12	\N	\N	\N
1244	12	\N	\N	\N
1247	12	\N	\N	\N
1250	12	\N	\N	\N
1252	12	\N	\N	\N
1253	12	\N	\N	\N
1256	12	\N	\N	\N
1257	12	\N	\N	\N
1258	12	\N	\N	\N
1260	12	\N	\N	\N
1261	12	\N	\N	\N
1268	12	\N	\N	\N
1271	12	\N	\N	\N
1272	12	\N	\N	\N
1273	12	\N	\N	\N
1274	12	\N	\N	\N
1275	12	\N	\N	\N
1276	12	\N	\N	\N
1278	12	\N	\N	\N
1279	12	\N	\N	\N
1280	12	\N	\N	\N
1281	12	\N	\N	\N
1282	12	\N	\N	\N
1283	12	\N	\N	\N
1284	12	\N	\N	\N
1285	12	\N	\N	\N
1286	12	\N	\N	\N
1287	12	\N	\N	\N
1288	12	\N	\N	\N
1289	12	\N	\N	\N
1290	12	\N	\N	\N
1291	12	\N	\N	\N
1293	12	\N	\N	\N
1294	12	\N	\N	\N
1295	12	\N	\N	\N
1297	12	\N	\N	\N
1298	12	\N	\N	\N
1299	12	\N	\N	\N
1300	12	\N	\N	\N
1301	12	\N	\N	\N
1302	12	\N	\N	\N
1304	12	\N	\N	\N
1305	12	\N	\N	\N
1306	12	\N	\N	\N
1307	12	\N	\N	\N
1308	12	\N	\N	\N
1309	12	\N	\N	\N
1310	12	\N	\N	\N
1311	12	\N	\N	\N
1312	12	\N	\N	\N
1313	12	\N	\N	\N
1314	12	\N	\N	\N
1316	12	\N	\N	\N
1317	12	\N	\N	\N
1318	12	\N	\N	\N
1319	12	\N	\N	\N
1320	12	\N	\N	\N
1321	12	\N	\N	\N
1322	12	\N	\N	\N
1323	12	\N	\N	\N
1324	12	\N	\N	\N
1325	12	\N	\N	\N
1326	12	\N	\N	\N
1327	12	\N	\N	\N
1328	12	\N	\N	\N
1329	12	\N	\N	\N
1330	12	\N	\N	\N
1331	12	\N	\N	\N
1332	12	\N	\N	\N
1333	12	\N	\N	\N
1335	12	\N	\N	\N
1336	12	\N	\N	\N
1337	12	\N	\N	\N
1338	12	\N	\N	\N
1340	12	\N	\N	\N
1341	12	\N	\N	\N
1342	12	\N	\N	\N
1343	12	\N	\N	\N
1345	12	\N	\N	\N
1346	12	\N	\N	\N
1347	12	\N	\N	\N
1348	12	\N	\N	\N
1349	12	\N	\N	\N
1350	12	\N	\N	\N
1351	12	\N	\N	\N
1354	12	\N	\N	\N
1355	12	\N	\N	\N
1357	12	\N	\N	\N
1358	12	\N	\N	\N
1359	12	\N	\N	\N
1361	12	\N	\N	\N
1363	12	\N	\N	\N
1364	12	\N	\N	\N
1365	12	\N	\N	\N
1366	12	\N	\N	\N
1367	12	\N	\N	\N
1368	12	\N	\N	\N
1370	12	\N	\N	\N
1371	12	\N	\N	\N
1372	12	\N	\N	\N
1373	12	\N	\N	\N
1374	12	\N	\N	\N
1375	12	\N	\N	\N
1376	12	\N	\N	\N
1377	12	\N	\N	\N
1378	12	\N	\N	\N
1379	12	\N	\N	\N
1380	12	\N	\N	\N
1381	12	\N	\N	\N
1382	12	\N	\N	\N
1383	12	\N	\N	\N
1384	12	\N	\N	\N
1385	12	\N	\N	\N
1386	12	\N	\N	\N
1387	12	\N	\N	\N
1388	12	\N	\N	\N
1389	12	\N	\N	\N
1390	12	\N	\N	\N
1392	12	\N	\N	\N
1393	12	\N	\N	\N
1394	12	\N	\N	\N
1395	12	\N	\N	\N
1396	12	\N	\N	\N
1397	12	\N	\N	\N
1398	12	\N	\N	\N
1399	12	\N	\N	\N
1400	12	\N	\N	\N
1401	12	\N	\N	\N
1402	12	\N	\N	\N
1403	12	\N	\N	\N
1404	12	\N	\N	\N
1405	12	\N	\N	\N
1406	12	\N	\N	\N
1407	12	\N	\N	\N
1408	12	\N	\N	\N
1409	12	\N	\N	\N
1410	12	\N	\N	\N
1411	12	\N	\N	\N
1412	12	\N	\N	\N
1413	12	\N	\N	\N
1414	12	\N	\N	\N
1415	12	\N	\N	\N
1416	12	\N	\N	\N
1417	12	\N	\N	\N
1418	12	\N	\N	\N
1419	12	\N	\N	\N
1420	12	\N	\N	\N
1421	12	\N	\N	\N
1423	12	\N	\N	\N
1424	12	\N	\N	\N
1425	12	\N	\N	\N
1426	12	\N	\N	\N
1427	12	\N	\N	\N
1428	12	\N	\N	\N
1429	12	\N	\N	\N
1430	12	\N	\N	\N
1431	12	\N	\N	\N
1432	12	\N	\N	\N
1433	12	\N	\N	\N
1434	12	\N	\N	\N
1435	12	\N	\N	\N
1436	12	\N	\N	\N
1437	12	\N	\N	\N
1438	12	\N	\N	\N
1439	12	\N	\N	\N
1440	12	\N	\N	\N
1441	12	\N	\N	\N
1442	12	\N	\N	\N
1444	12	\N	\N	\N
1445	12	\N	\N	\N
1446	12	\N	\N	\N
1447	12	\N	\N	\N
1448	12	\N	\N	\N
1449	12	\N	\N	\N
1450	12	\N	\N	\N
1451	12	\N	\N	\N
1452	12	\N	\N	\N
1453	12	\N	\N	\N
1454	12	\N	\N	\N
1455	12	\N	\N	\N
1456	12	\N	\N	\N
1457	12	\N	\N	\N
1458	12	\N	\N	\N
1459	12	\N	\N	\N
1460	12	\N	\N	\N
1461	12	\N	\N	\N
1462	12	\N	\N	\N
1463	12	\N	\N	\N
1464	12	\N	\N	\N
1465	12	\N	\N	\N
1466	12	\N	\N	\N
1467	12	\N	\N	\N
1468	12	\N	\N	\N
1469	12	\N	\N	\N
1470	12	\N	\N	\N
1471	12	\N	\N	\N
1472	12	\N	\N	\N
1473	12	\N	\N	\N
1474	12	\N	\N	\N
1475	12	\N	\N	\N
1476	12	\N	\N	\N
1477	12	\N	\N	\N
1478	12	\N	\N	\N
1479	12	\N	\N	\N
1480	12	\N	\N	\N
1481	12	\N	\N	\N
1482	12	\N	\N	\N
1483	12	\N	\N	\N
1485	12	\N	\N	\N
1486	12	\N	\N	\N
1488	12	\N	\N	\N
1489	12	\N	\N	\N
1490	12	\N	\N	\N
1491	12	\N	\N	\N
1492	12	\N	\N	\N
1493	12	\N	\N	\N
1494	12	\N	\N	\N
1495	12	\N	\N	\N
1496	12	\N	\N	\N
1497	12	\N	\N	\N
1498	12	\N	\N	\N
1499	12	\N	\N	\N
1500	12	\N	\N	\N
1501	12	\N	\N	\N
1502	12	\N	\N	\N
1503	12	\N	\N	\N
1504	12	\N	\N	\N
1505	12	\N	\N	\N
1506	12	\N	\N	\N
1507	12	\N	\N	\N
1508	12	\N	\N	\N
1509	12	\N	\N	\N
1510	12	\N	\N	\N
1511	12	\N	\N	\N
1512	12	\N	\N	\N
1513	12	\N	\N	\N
1514	12	\N	\N	\N
1515	12	\N	\N	\N
1516	12	\N	\N	\N
1517	12	\N	\N	\N
1518	12	\N	\N	\N
1519	12	\N	\N	\N
1520	12	\N	\N	\N
1521	12	\N	\N	\N
1523	12	\N	\N	\N
1525	12	\N	\N	\N
1526	12	\N	\N	\N
1527	12	\N	\N	\N
1528	12	\N	\N	\N
1529	12	\N	\N	\N
1530	12	\N	\N	\N
1531	12	\N	\N	\N
1532	12	\N	\N	\N
1533	12	\N	\N	\N
1534	12	\N	\N	\N
1535	12	\N	\N	\N
1536	12	\N	\N	\N
1537	12	\N	\N	\N
1538	12	\N	\N	\N
1539	12	\N	\N	\N
1540	12	\N	\N	\N
1541	12	\N	\N	\N
1542	12	\N	\N	\N
1543	12	\N	\N	\N
1544	12	\N	\N	\N
1545	12	\N	\N	\N
1546	12	\N	\N	\N
1547	12	\N	\N	\N
1548	12	\N	\N	\N
1549	12	\N	\N	\N
1550	12	\N	\N	\N
1551	12	\N	\N	\N
1552	12	\N	\N	\N
1553	12	\N	\N	\N
1554	12	\N	\N	\N
1555	12	\N	\N	\N
1556	12	\N	\N	\N
1557	12	\N	\N	\N
1558	12	\N	\N	\N
1559	12	\N	\N	\N
1560	12	\N	\N	\N
1561	12	\N	\N	\N
1562	12	\N	\N	\N
1563	12	\N	\N	\N
1564	12	\N	\N	\N
1565	12	\N	\N	\N
1566	12	\N	\N	\N
1567	12	\N	\N	\N
1568	12	\N	\N	\N
1569	12	\N	\N	\N
1570	12	\N	\N	\N
1571	12	\N	\N	\N
1572	12	\N	\N	\N
1573	12	\N	\N	\N
1574	12	\N	\N	\N
1575	12	\N	\N	\N
1576	12	\N	\N	\N
1577	12	\N	\N	\N
1578	12	\N	\N	\N
1580	12	\N	\N	\N
1581	12	\N	\N	\N
1582	12	\N	\N	\N
1583	12	\N	\N	\N
1584	12	\N	\N	\N
1585	12	\N	\N	\N
1586	12	\N	\N	\N
1587	12	\N	\N	\N
1588	12	\N	\N	\N
1589	12	\N	\N	\N
1591	12	\N	\N	\N
1593	12	\N	\N	\N
1594	12	\N	\N	\N
1596	12	\N	\N	\N
1597	12	\N	\N	\N
1598	12	\N	\N	\N
1599	14	\N	\N	\N
1600	12	\N	\N	\N
1601	12	\N	\N	\N
1603	12	\N	\N	\N
1604	12	\N	\N	\N
1607	12	\N	\N	\N
1608	12	\N	\N	\N
1609	14	\N	\N	\N
1610	12	\N	\N	\N
1611	12	\N	\N	\N
1612	12	\N	\N	\N
1613	12	\N	\N	\N
1615	12	\N	\N	\N
1616	12	\N	\N	\N
1617	12	\N	\N	\N
1618	12	\N	\N	\N
1619	12	\N	\N	\N
1620	12	\N	\N	\N
1621	12	\N	\N	\N
1622	12	\N	\N	\N
1624	12	\N	\N	\N
1626	12	\N	\N	\N
1627	12	\N	\N	\N
1628	12	\N	\N	\N
1629	12	\N	\N	\N
1630	12	\N	\N	\N
1631	12	\N	\N	\N
1632	12	\N	\N	\N
1633	12	\N	\N	\N
1634	12	\N	\N	\N
1636	12	\N	\N	\N
1637	12	\N	\N	\N
1639	12	\N	\N	\N
1640	12	\N	\N	\N
1641	12	\N	\N	\N
1642	12	\N	\N	\N
1643	12	\N	\N	\N
1644	12	\N	\N	\N
1645	12	\N	\N	\N
1646	12	\N	\N	\N
1647	12	\N	\N	\N
1648	12	\N	\N	\N
1649	12	\N	\N	\N
1650	12	\N	\N	\N
1651	12	\N	\N	\N
1652	12	\N	\N	\N
1653	12	\N	\N	\N
1654	12	\N	\N	\N
1655	12	\N	\N	\N
1656	12	\N	\N	\N
1657	12	\N	\N	\N
1658	12	\N	\N	\N
1659	12	\N	\N	\N
1660	12	\N	\N	\N
1661	12	\N	\N	\N
1662	12	\N	\N	\N
1663	12	\N	\N	\N
1664	12	\N	\N	\N
1665	12	\N	\N	\N
1666	12	\N	\N	\N
1667	12	\N	\N	\N
1668	12	\N	\N	\N
1669	12	\N	\N	\N
1670	12	\N	\N	\N
1671	12	\N	\N	\N
1673	12	\N	\N	\N
1674	12	\N	\N	\N
1675	12	\N	\N	\N
1676	12	\N	\N	\N
1677	12	\N	\N	\N
1678	12	\N	\N	\N
1679	12	\N	\N	\N
1680	12	\N	\N	\N
1681	12	\N	\N	\N
1682	12	\N	\N	\N
1683	12	\N	\N	\N
1684	16	\N	\N	\N
1685	12	\N	\N	\N
1686	12	\N	\N	\N
1687	12	\N	\N	\N
1688	12	\N	\N	\N
1689	12	\N	\N	\N
1690	12	\N	\N	\N
1691	12	\N	\N	\N
1692	12	\N	\N	\N
1693	12	\N	\N	\N
1694	12	\N	\N	\N
1695	12	\N	\N	\N
1696	12	\N	\N	\N
1697	12	\N	\N	\N
1698	12	\N	\N	\N
1699	12	\N	\N	\N
1700	12	\N	\N	\N
1701	12	\N	\N	\N
1702	12	\N	\N	\N
1703	12	\N	\N	\N
1704	12	\N	\N	\N
1705	12	\N	\N	\N
1706	12	\N	\N	\N
1707	12	\N	\N	\N
1708	12	\N	\N	\N
1709	12	\N	\N	\N
1710	12	\N	\N	\N
1711	12	\N	\N	\N
1712	12	\N	\N	\N
1713	12	\N	\N	\N
1714	12	\N	\N	\N
1715	12	\N	\N	\N
1716	12	\N	\N	\N
1717	12	\N	\N	\N
1718	12	\N	\N	\N
1719	12	\N	\N	\N
1720	12	\N	\N	\N
1721	12	\N	\N	\N
1722	12	\N	\N	\N
1723	12	\N	\N	\N
1724	12	\N	\N	\N
1725	12	\N	\N	\N
1726	12	\N	\N	\N
1727	12	\N	\N	\N
1728	12	\N	\N	\N
1729	12	\N	\N	\N
1730	12	\N	\N	\N
1731	12	\N	\N	\N
1732	12	\N	\N	\N
1733	12	\N	\N	\N
1734	12	\N	\N	\N
1735	12	\N	\N	\N
1736	12	\N	\N	\N
1737	12	\N	\N	\N
1738	12	\N	\N	\N
1739	12	\N	\N	\N
1740	12	\N	\N	\N
1742	12	\N	\N	\N
1743	12	\N	\N	\N
1744	12	\N	\N	\N
1745	12	\N	\N	\N
1746	12	\N	\N	\N
1747	12	\N	\N	\N
1748	12	\N	\N	\N
1750	12	\N	\N	\N
1751	12	\N	\N	\N
1752	12	\N	\N	\N
1753	12	\N	\N	\N
1754	12	\N	\N	\N
1755	12	\N	\N	\N
1756	12	\N	\N	\N
1757	12	\N	\N	\N
1758	12	\N	\N	\N
1759	12	\N	\N	\N
1760	12	\N	\N	\N
1761	12	\N	\N	\N
1762	12	\N	\N	\N
1763	12	\N	\N	\N
1764	12	\N	\N	\N
1765	12	\N	\N	\N
1766	12	\N	\N	\N
1767	12	\N	\N	\N
1768	12	\N	\N	\N
1769	12	\N	\N	\N
1770	12	\N	\N	\N
1771	12	\N	\N	\N
1772	12	\N	\N	\N
1773	12	\N	\N	\N
1774	12	\N	\N	\N
1776	12	\N	\N	\N
1778	12	\N	\N	\N
1780	12	\N	\N	\N
1781	12	\N	\N	\N
1782	12	\N	\N	\N
1783	12	\N	\N	\N
1784	12	\N	\N	\N
1785	12	\N	\N	\N
1787	12	\N	\N	\N
1788	12	\N	\N	\N
1789	12	\N	\N	\N
1790	12	\N	\N	\N
1791	12	\N	\N	\N
1792	12	\N	\N	\N
1793	12	\N	\N	\N
1794	12	\N	\N	\N
1795	12	\N	\N	\N
1796	12	\N	\N	\N
1798	12	\N	\N	\N
1799	12	\N	\N	\N
1800	12	\N	\N	\N
1802	12	\N	\N	\N
1804	12	\N	\N	\N
1805	12	\N	\N	\N
1807	12	\N	\N	\N
1808	12	\N	\N	\N
1810	12	\N	\N	\N
1811	12	\N	\N	\N
1813	12	\N	\N	\N
1815	12	\N	\N	\N
1817	12	\N	\N	\N
1818	12	\N	\N	\N
1819	12	\N	\N	\N
1821	12	\N	\N	\N
1822	12	\N	\N	\N
1823	12	\N	\N	\N
1824	12	\N	\N	\N
1826	12	\N	\N	\N
1827	12	\N	\N	\N
1828	12	\N	\N	\N
1829	12	\N	\N	\N
1830	12	\N	\N	\N
1831	12	\N	\N	\N
1832	12	\N	\N	\N
1833	12	\N	\N	\N
1834	12	\N	\N	\N
1835	12	\N	\N	\N
1836	12	\N	\N	\N
1838	12	\N	\N	\N
1839	12	\N	\N	\N
1840	12	\N	\N	\N
1841	12	\N	\N	\N
1842	12	\N	\N	\N
1843	12	\N	\N	\N
1844	12	\N	\N	\N
1845	12	\N	\N	\N
1846	12	\N	\N	\N
1847	12	\N	\N	\N
1848	12	\N	\N	\N
1849	12	\N	\N	\N
1850	12	\N	\N	\N
1851	12	\N	\N	\N
1852	12	\N	\N	\N
1853	12	\N	\N	\N
1854	12	\N	\N	\N
1855	12	\N	\N	\N
1856	12	\N	\N	\N
1857	12	\N	\N	\N
1858	12	\N	\N	\N
1859	12	\N	\N	\N
1861	12	\N	\N	\N
1862	12	\N	\N	\N
1863	12	\N	\N	\N
1865	12	\N	\N	\N
1866	12	\N	\N	\N
1868	12	\N	\N	\N
1869	12	\N	\N	\N
1870	12	\N	\N	\N
1886	12	\N	\N	\N
1887	12	\N	\N	\N
1888	12	\N	\N	\N
1889	12	\N	\N	\N
1890	12	\N	\N	\N
1891	12	\N	\N	\N
1892	12	\N	\N	\N
1893	12	\N	\N	\N
1894	12	\N	\N	\N
1895	12	\N	\N	\N
1896	12	\N	\N	\N
1897	12	\N	\N	\N
1898	12	\N	\N	\N
1899	12	\N	\N	\N
1900	12	\N	\N	\N
1901	12	\N	\N	\N
1902	12	\N	\N	\N
1903	12	\N	\N	\N
1904	12	\N	\N	\N
1905	12	\N	\N	\N
1906	12	\N	\N	\N
1907	12	\N	\N	\N
1908	12	\N	\N	\N
1909	12	\N	\N	\N
1910	12	\N	\N	\N
1912	12	\N	\N	\N
1913	12	\N	\N	\N
1914	12	\N	\N	\N
1915	12	\N	\N	\N
1916	12	\N	\N	\N
1917	12	\N	\N	\N
1918	12	\N	\N	\N
1919	12	\N	\N	\N
1920	12	\N	\N	\N
1921	12	\N	\N	\N
1922	12	\N	\N	\N
1923	12	\N	\N	\N
1924	12	\N	\N	\N
1925	12	\N	\N	\N
1927	12	\N	\N	\N
1928	12	\N	\N	\N
1929	12	\N	\N	\N
1930	12	\N	\N	\N
1931	12	\N	\N	\N
1932	12	\N	\N	\N
1933	12	\N	\N	\N
1934	12	\N	\N	\N
1935	12	\N	\N	\N
1936	12	\N	\N	\N
1937	12	\N	\N	\N
1938	12	\N	\N	\N
1939	12	\N	\N	\N
1940	12	\N	\N	\N
1941	12	\N	\N	\N
1942	12	\N	\N	\N
1943	12	\N	\N	\N
1944	12	\N	\N	\N
1945	12	\N	\N	\N
1946	12	\N	\N	\N
1947	12	\N	\N	\N
1948	12	\N	\N	\N
1949	12	\N	\N	\N
1950	12	\N	\N	\N
1951	12	\N	\N	\N
1952	12	\N	\N	\N
1953	12	\N	\N	\N
1954	12	\N	\N	\N
1955	12	\N	\N	\N
1956	12	\N	\N	\N
1957	12	\N	\N	\N
1958	12	\N	\N	\N
1959	12	\N	\N	\N
1960	12	\N	\N	\N
1961	12	\N	\N	\N
1962	12	\N	\N	\N
1963	12	\N	\N	\N
1964	12	\N	\N	\N
1965	12	\N	\N	\N
1966	12	\N	\N	\N
1967	12	\N	\N	\N
1968	12	\N	\N	\N
1969	12	\N	\N	\N
1970	12	\N	\N	\N
1971	12	\N	\N	\N
1972	12	\N	\N	\N
1973	12	\N	\N	\N
1974	12	\N	\N	\N
1975	12	\N	\N	\N
1976	12	\N	\N	\N
1977	12	\N	\N	\N
1978	12	\N	\N	\N
1979	12	\N	\N	\N
1980	12	\N	\N	\N
1981	12	\N	\N	\N
1982	12	\N	\N	\N
1983	12	\N	\N	\N
1984	12	\N	\N	\N
1985	12	\N	\N	\N
1986	12	\N	\N	\N
1987	12	\N	\N	\N
1988	12	\N	\N	\N
1989	12	\N	\N	\N
1990	12	\N	\N	\N
1991	12	\N	\N	\N
1992	12	\N	\N	\N
1993	12	\N	\N	\N
1994	12	\N	\N	\N
1995	12	\N	\N	\N
1996	12	\N	\N	\N
1997	12	\N	\N	\N
1998	12	\N	\N	\N
1999	12	\N	\N	\N
2000	12	\N	\N	\N
2001	12	\N	\N	\N
2003	12	\N	\N	\N
2004	12	\N	\N	\N
2005	12	\N	\N	\N
2006	12	\N	\N	\N
2007	12	\N	\N	\N
2008	12	\N	\N	\N
2009	12	\N	\N	\N
2010	12	\N	\N	\N
2011	12	\N	\N	\N
2012	12	\N	\N	\N
2013	12	\N	\N	\N
2014	12	\N	\N	\N
2015	12	\N	\N	\N
2016	12	\N	\N	\N
2017	12	\N	\N	\N
2018	12	\N	\N	\N
2019	12	\N	\N	\N
2020	12	\N	\N	\N
2021	12	\N	\N	\N
2022	12	\N	\N	\N
2023	12	\N	\N	\N
2024	12	\N	\N	\N
2025	12	\N	\N	\N
2026	12	\N	\N	\N
2027	12	\N	\N	\N
2028	12	\N	\N	\N
2029	12	\N	\N	\N
2030	12	\N	\N	\N
2031	12	\N	\N	\N
2032	12	\N	\N	\N
2033	12	\N	\N	\N
2034	12	\N	\N	\N
2035	12	\N	\N	\N
2036	12	\N	\N	\N
2037	12	\N	\N	\N
2038	12	\N	\N	\N
2039	12	\N	\N	\N
2040	12	\N	\N	\N
2041	12	\N	\N	\N
2042	12	\N	\N	\N
2043	12	\N	\N	\N
2044	12	\N	\N	\N
2045	12	\N	\N	\N
2046	12	\N	\N	\N
2047	12	\N	\N	\N
2048	12	\N	\N	\N
2049	12	\N	\N	\N
2050	12	\N	\N	\N
2051	12	\N	\N	\N
2052	12	\N	\N	\N
2053	14	\N	\N	\N
2055	12	\N	\N	\N
2056	12	\N	\N	\N
2057	12	\N	\N	\N
2058	12	\N	\N	\N
2059	12	\N	\N	\N
2060	12	\N	\N	\N
2061	12	\N	\N	\N
2062	12	\N	\N	\N
2063	12	\N	\N	\N
2064	12	\N	\N	\N
2065	12	\N	\N	\N
2066	12	\N	\N	\N
2067	12	\N	\N	\N
2068	12	\N	\N	\N
2069	12	\N	\N	\N
2070	12	\N	\N	\N
2071	12	\N	\N	\N
2072	12	\N	\N	\N
2073	12	\N	\N	\N
2074	12	\N	\N	\N
2075	12	\N	\N	\N
2077	12	\N	\N	\N
2079	12	\N	\N	\N
2080	12	\N	\N	\N
2081	14	\N	\N	\N
2082	12	\N	\N	\N
2084	12	\N	\N	\N
2085	12	\N	\N	\N
2086	12	\N	\N	\N
2087	12	\N	\N	\N
2088	12	\N	\N	\N
2089	12	\N	\N	\N
2093	12	\N	\N	\N
2098	12	\N	\N	\N
2100	12	\N	\N	\N
2102	12	\N	\N	\N
2104	12	\N	\N	\N
2111	12	\N	\N	\N
2113	12	\N	\N	\N
2117	12	\N	\N	\N
2123	12	\N	\N	\N
2125	12	\N	\N	\N
2133	12	\N	\N	\N
2135	12	\N	\N	\N
2137	12	\N	\N	\N
2138	12	\N	\N	\N
2144	12	\N	\N	\N
2151	12	\N	\N	\N
2154	12	\N	\N	\N
2156	12	\N	\N	\N
2161	12	\N	\N	\N
2167	12	\N	\N	\N
2173	12	\N	\N	\N
2175	12	\N	\N	\N
2177	12	\N	\N	\N
2179	12	\N	\N	\N
2181	12	\N	\N	\N
6274	23	\N	\N	\N
6275	23	\N	\N	\N
6276	23	\N	\N	\N
6280	23	\N	\N	\N
6281	23	\N	\N	\N
6283	14	\N	\N	\N
6284	14	\N	\N	\N
6285	23	\N	\N	\N
6286	23	\N	\N	\N
6287	23	\N	\N	\N
6289	23	\N	\N	\N
6291	14	\N	\N	\N
6292	14	\N	\N	\N
6293	23	\N	\N	\N
6294	23	\N	\N	\N
6296	23	\N	\N	\N
6297	23	\N	\N	\N
6298	14	\N	\N	\N
6299	23	\N	\N	\N
6300	23	\N	\N	\N
6302	23	\N	\N	\N
6303	14	\N	\N	\N
6305	23	\N	\N	\N
6306	23	\N	\N	\N
6309	14	\N	\N	\N
6310	23	\N	\N	\N
6311	23	\N	\N	\N
6312	23	\N	\N	\N
6314	14	\N	\N	\N
6315	23	\N	\N	\N
6316	23	\N	\N	\N
6317	14	\N	\N	\N
6319	23	\N	\N	\N
6320	23	\N	\N	\N
6322	14	\N	\N	\N
6324	23	\N	\N	\N
6325	14	\N	\N	\N
6326	23	\N	\N	\N
6328	14	\N	\N	\N
6332	23	\N	\N	\N
6335	14	\N	\N	\N
6336	23	\N	\N	\N
6337	14	\N	\N	\N
6340	23	\N	\N	\N
6341	23	\N	\N	\N
6342	23	\N	\N	\N
6343	14	\N	\N	\N
6346	23	\N	\N	\N
6348	23	\N	\N	\N
6350	14	\N	\N	\N
6351	23	\N	\N	\N
6352	14	\N	\N	\N
6353	23	\N	\N	\N
6354	14	\N	\N	\N
6355	12	\N	\N	\N
6356	12	\N	\N	\N
6357	12	\N	\N	\N
6358	12	\N	\N	\N
6359	12	\N	\N	\N
6360	12	\N	\N	\N
6365	12	\N	\N	\N
6366	12	\N	\N	\N
6367	12	\N	\N	\N
6369	12	\N	\N	\N
6370	12	\N	\N	\N
6371	23	\N	\N	\N
6372	12	\N	\N	\N
6373	12	\N	\N	\N
6374	23	\N	\N	\N
6376	12	\N	\N	\N
6380	12	\N	\N	\N
6381	12	\N	\N	\N
6387	12	\N	\N	\N
6388	12	\N	\N	\N
6390	12	\N	\N	\N
6391	12	\N	\N	\N
6392	12	\N	\N	\N
6393	12	\N	\N	\N
6394	12	\N	\N	\N
6397	12	\N	\N	\N
6400	12	\N	\N	\N
6403	12	\N	\N	\N
6404	12	\N	\N	\N
6405	23	\N	\N	\N
6406	12	\N	\N	\N
6407	12	\N	\N	\N
6408	12	\N	\N	\N
6409	12	\N	\N	\N
6410	12	\N	\N	\N
6411	12	\N	\N	\N
6412	12	\N	\N	\N
6413	12	\N	\N	\N
6414	12	\N	\N	\N
6415	12	\N	\N	\N
6416	12	\N	\N	\N
6417	12	\N	\N	\N
6418	12	\N	\N	\N
6419	12	\N	\N	\N
6420	12	\N	\N	\N
6421	12	\N	\N	\N
6443	12	\N	\N	\N
6444	12	\N	\N	\N
6462	23	\N	\N	\N
6464	23	\N	\N	\N
6467	12	\N	\N	\N
6468	12	\N	\N	\N
6469	23	\N	\N	\N
6472	23	\N	\N	\N
6479	12	\N	\N	\N
6480	12	\N	\N	\N
6483	12	\N	\N	\N
6484	12	\N	\N	\N
6487	12	\N	\N	\N
6490	12	\N	\N	\N
6492	12	\N	\N	\N
6494	12	\N	\N	\N
6495	12	\N	\N	\N
6496	12	\N	\N	\N
6497	12	\N	\N	\N
6498	12	\N	\N	\N
6499	12	\N	\N	\N
6500	12	\N	\N	\N
6502	12	\N	\N	\N
6503	12	\N	\N	\N
6505	12	\N	\N	\N
6506	12	\N	\N	\N
6507	12	\N	\N	\N
6508	12	\N	\N	\N
6509	12	\N	\N	\N
6510	12	\N	\N	\N
6511	12	\N	\N	\N
6512	12	\N	\N	\N
6513	12	\N	\N	\N
6514	12	\N	\N	\N
6515	12	\N	\N	\N
6516	12	\N	\N	\N
6517	12	\N	\N	\N
6518	12	\N	\N	\N
6519	12	\N	\N	\N
6520	12	\N	\N	\N
6522	12	\N	\N	\N
6524	12	\N	\N	\N
6526	12	\N	\N	\N
6527	12	\N	\N	\N
6528	12	\N	\N	\N
6529	12	\N	\N	\N
6530	12	\N	\N	\N
6531	12	\N	\N	\N
6533	12	\N	\N	\N
6534	12	\N	\N	\N
6536	12	\N	\N	\N
6537	12	\N	\N	\N
6539	12	\N	\N	\N
6540	12	\N	\N	\N
6541	12	\N	\N	\N
6542	12	\N	\N	\N
6543	12	\N	\N	\N
6544	12	\N	\N	\N
6545	12	\N	\N	\N
6547	12	\N	\N	\N
6548	12	\N	\N	\N
6549	12	\N	\N	\N
6550	12	\N	\N	\N
6551	12	\N	\N	\N
6553	12	\N	\N	\N
6555	12	\N	\N	\N
6556	12	\N	\N	\N
6557	12	\N	\N	\N
6558	12	\N	\N	\N
6559	12	\N	\N	\N
6560	12	\N	\N	\N
6561	12	\N	\N	\N
6563	23	\N	\N	\N
6564	12	\N	\N	\N
6565	23	\N	\N	\N
6566	12	\N	\N	\N
6567	12	\N	\N	\N
6568	12	\N	\N	\N
6569	12	\N	\N	\N
6570	12	\N	\N	\N
6571	12	\N	\N	\N
6572	12	\N	\N	\N
6573	12	\N	\N	\N
6574	12	\N	\N	\N
6575	12	\N	\N	\N
6576	12	\N	\N	\N
6577	12	\N	\N	\N
6578	12	\N	\N	\N
6579	12	\N	\N	\N
6580	12	\N	\N	\N
6581	12	\N	\N	\N
6583	12	\N	\N	\N
6584	12	\N	\N	\N
6585	12	\N	\N	\N
6586	12	\N	\N	\N
6587	12	\N	\N	\N
6588	12	\N	\N	\N
6589	12	\N	\N	\N
6590	23	\N	\N	\N
6592	12	\N	\N	\N
6593	12	\N	\N	\N
6594	23	\N	\N	\N
6595	12	\N	\N	\N
6598	12	\N	\N	\N
6599	12	\N	\N	\N
6600	12	\N	\N	\N
6601	12	\N	\N	\N
6602	12	\N	\N	\N
6603	12	\N	\N	\N
6604	12	\N	\N	\N
6605	12	\N	\N	\N
6606	12	\N	\N	\N
6607	12	\N	\N	\N
6609	23	\N	\N	\N
6610	12	\N	\N	\N
6611	12	\N	\N	\N
6612	23	\N	\N	\N
6614	12	\N	\N	\N
6615	12	\N	\N	\N
6617	12	\N	\N	\N
6618	12	\N	\N	\N
6619	12	\N	\N	\N
6620	12	\N	\N	\N
6621	12	\N	\N	\N
6622	12	\N	\N	\N
6623	12	\N	\N	\N
6624	12	\N	\N	\N
6625	12	\N	\N	\N
6627	12	\N	\N	\N
6628	12	\N	\N	\N
6629	12	\N	\N	\N
6630	12	\N	\N	\N
6631	12	\N	\N	\N
6632	12	\N	\N	\N
6633	12	\N	\N	\N
6635	12	\N	\N	\N
6636	12	\N	\N	\N
6637	12	\N	\N	\N
6638	12	\N	\N	\N
6640	12	\N	\N	\N
6641	23	\N	\N	\N
6642	12	\N	\N	\N
6644	12	\N	\N	\N
6645	12	\N	\N	\N
6646	12	\N	\N	\N
6647	12	\N	\N	\N
6648	12	\N	\N	\N
6649	12	\N	\N	\N
6650	12	\N	\N	\N
6651	12	\N	\N	\N
6652	12	\N	\N	\N
6653	12	\N	\N	\N
6654	12	\N	\N	\N
6655	12	\N	\N	\N
6656	12	\N	\N	\N
6657	12	\N	\N	\N
6658	12	\N	\N	\N
6659	12	\N	\N	\N
6660	12	\N	\N	\N
6661	12	\N	\N	\N
6663	12	\N	\N	\N
6664	12	\N	\N	\N
6665	12	\N	\N	\N
6667	12	\N	\N	\N
6668	12	\N	\N	\N
6669	12	\N	\N	\N
6670	12	\N	\N	\N
6671	12	\N	\N	\N
6673	12	\N	\N	\N
6674	12	\N	\N	\N
6675	12	\N	\N	\N
6677	12	\N	\N	\N
6680	12	\N	\N	\N
6681	12	\N	\N	\N
6682	12	\N	\N	\N
6683	12	\N	\N	\N
6684	12	\N	\N	\N
6685	12	\N	\N	\N
6686	23	\N	\N	\N
6687	12	\N	\N	\N
6688	12	\N	\N	\N
6689	12	\N	\N	\N
6691	12	\N	\N	\N
6693	12	\N	\N	\N
6695	12	\N	\N	\N
6697	23	\N	\N	\N
6698	12	\N	\N	\N
6699	12	\N	\N	\N
6700	12	\N	\N	\N
6701	12	\N	\N	\N
6703	12	\N	\N	\N
6704	12	\N	\N	\N
6705	12	\N	\N	\N
6706	12	\N	\N	\N
6707	12	\N	\N	\N
6708	12	\N	\N	\N
6709	12	\N	\N	\N
6710	12	\N	\N	\N
6711	12	\N	\N	\N
6712	12	\N	\N	\N
6714	12	\N	\N	\N
6715	12	\N	\N	\N
6716	12	\N	\N	\N
6717	12	\N	\N	\N
6718	12	\N	\N	\N
6719	12	\N	\N	\N
6720	12	\N	\N	\N
6721	12	\N	\N	\N
6722	12	\N	\N	\N
6723	12	\N	\N	\N
6724	12	\N	\N	\N
6725	12	\N	\N	\N
6726	12	\N	\N	\N
6727	12	\N	\N	\N
6728	12	\N	\N	\N
6729	12	\N	\N	\N
6730	12	\N	\N	\N
6731	12	\N	\N	\N
6732	12	\N	\N	\N
6733	12	\N	\N	\N
6735	12	\N	\N	\N
6736	12	\N	\N	\N
6737	12	\N	\N	\N
6738	12	\N	\N	\N
6739	23	\N	\N	\N
6740	12	\N	\N	\N
6741	12	\N	\N	\N
6742	12	\N	\N	\N
6743	12	\N	\N	\N
6744	12	\N	\N	\N
6745	12	\N	\N	\N
6746	12	\N	\N	\N
6747	12	\N	\N	\N
6748	12	\N	\N	\N
6749	12	\N	\N	\N
6750	12	\N	\N	\N
6751	12	\N	\N	\N
6752	12	\N	\N	\N
6753	12	\N	\N	\N
6754	12	\N	\N	\N
6755	12	\N	\N	\N
6756	12	\N	\N	\N
6757	12	\N	\N	\N
6759	12	\N	\N	\N
6760	12	\N	\N	\N
6761	12	\N	\N	\N
6762	12	\N	\N	\N
6763	12	\N	\N	\N
6764	12	\N	\N	\N
6765	12	\N	\N	\N
6766	12	\N	\N	\N
6767	12	\N	\N	\N
6768	12	\N	\N	\N
6770	12	\N	\N	\N
6772	12	\N	\N	\N
6773	12	\N	\N	\N
6774	12	\N	\N	\N
6776	12	\N	\N	\N
6777	12	\N	\N	\N
6778	12	\N	\N	\N
6779	12	\N	\N	\N
6780	12	\N	\N	\N
6781	12	\N	\N	\N
6782	23	\N	\N	\N
6783	12	\N	\N	\N
6784	12	\N	\N	\N
6785	12	\N	\N	\N
6786	12	\N	\N	\N
6788	12	\N	\N	\N
6789	12	\N	\N	\N
6790	12	\N	\N	\N
6791	12	\N	\N	\N
6792	12	\N	\N	\N
6793	12	\N	\N	\N
6794	12	\N	\N	\N
6798	12	\N	\N	\N
6799	12	\N	\N	\N
6802	12	\N	\N	\N
6805	15	\N	\N	\N
6806	12	\N	\N	\N
6807	12	\N	\N	\N
6808	12	\N	\N	\N
6811	12	\N	\N	\N
6812	12	\N	\N	\N
6815	12	\N	\N	\N
6816	12	\N	\N	\N
6817	23	\N	\N	\N
6819	12	\N	\N	\N
6820	12	\N	\N	\N
6822	12	\N	\N	\N
6823	12	\N	\N	\N
6829	12	\N	\N	\N
6830	12	\N	\N	\N
6834	12	\N	\N	\N
6835	12	\N	\N	\N
6836	12	\N	\N	\N
6837	12	\N	\N	\N
6839	12	\N	\N	\N
6841	12	\N	\N	\N
6843	23	\N	\N	\N
6850	12	\N	\N	\N
6852	12	\N	\N	\N
6854	23	\N	\N	\N
6856	12	\N	\N	\N
6859	12	\N	\N	\N
6860	12	\N	\N	\N
6861	12	\N	\N	\N
6862	12	\N	\N	\N
6865	12	\N	\N	\N
6866	12	\N	\N	\N
6871	12	\N	\N	\N
6872	12	\N	\N	\N
6874	12	\N	\N	\N
6875	12	\N	\N	\N
6879	12	\N	\N	\N
6880	12	\N	\N	\N
6881	12	\N	\N	\N
6882	12	\N	\N	\N
6883	12	\N	\N	\N
6884	12	\N	\N	\N
6888	12	\N	\N	\N
6889	12	\N	\N	\N
6892	12	\N	\N	\N
6893	12	\N	\N	\N
6899	12	\N	\N	\N
6900	12	\N	\N	\N
6901	12	\N	\N	\N
6903	12	\N	\N	\N
6904	12	\N	\N	\N
6905	12	\N	\N	\N
6911	12	\N	\N	\N
6914	12	\N	\N	\N
6915	12	\N	\N	\N
6916	12	\N	\N	\N
6917	12	\N	\N	\N
6922	12	\N	\N	\N
6923	12	\N	\N	\N
6930	12	\N	\N	\N
6931	12	\N	\N	\N
6933	12	\N	\N	\N
6940	12	\N	\N	\N
6941	12	\N	\N	\N
6944	12	\N	\N	\N
6945	12	\N	\N	\N
6947	12	\N	\N	\N
6951	12	\N	\N	\N
6952	12	\N	\N	\N
6953	12	\N	\N	\N
6956	12	\N	\N	\N
6957	12	\N	\N	\N
6958	12	\N	\N	\N
6959	12	\N	\N	\N
6960	12	\N	\N	\N
6961	12	\N	\N	\N
6962	12	\N	\N	\N
6963	12	\N	\N	\N
6964	12	\N	\N	\N
6965	12	\N	\N	\N
6968	12	\N	\N	\N
6969	12	\N	\N	\N
6972	12	\N	\N	\N
6973	12	\N	\N	\N
6976	12	\N	\N	\N
6977	12	\N	\N	\N
6978	12	\N	\N	\N
6979	12	\N	\N	\N
6980	12	\N	\N	\N
6981	12	\N	\N	\N
6982	12	\N	\N	\N
6983	12	\N	\N	\N
6985	12	\N	\N	\N
6986	12	\N	\N	\N
6987	12	\N	\N	\N
6988	12	\N	\N	\N
6989	12	\N	\N	\N
6990	12	\N	\N	\N
6991	12	\N	\N	\N
6992	12	\N	\N	\N
6993	12	\N	\N	\N
6995	12	\N	\N	\N
6996	12	\N	\N	\N
6999	12	\N	\N	\N
7000	12	\N	\N	\N
7002	12	\N	\N	\N
7004	12	\N	\N	\N
7005	12	\N	\N	\N
7006	12	\N	\N	\N
7007	12	\N	\N	\N
7008	12	\N	\N	\N
7010	12	\N	\N	\N
7012	12	\N	\N	\N
7013	12	\N	\N	\N
7014	12	\N	\N	\N
7015	12	\N	\N	\N
7016	12	\N	\N	\N
7017	12	\N	\N	\N
7018	12	\N	\N	\N
7020	12	\N	\N	\N
7021	12	\N	\N	\N
7022	12	\N	\N	\N
7023	12	\N	\N	\N
7024	12	\N	\N	\N
7025	12	\N	\N	\N
7026	12	\N	\N	\N
7027	12	\N	\N	\N
7028	12	\N	\N	\N
7029	12	\N	\N	\N
7030	12	\N	\N	\N
7031	12	\N	\N	\N
7032	12	\N	\N	\N
7034	12	\N	\N	\N
7035	12	\N	\N	\N
7036	12	\N	\N	\N
7037	12	\N	\N	\N
7040	12	\N	\N	\N
7041	12	\N	\N	\N
7042	12	\N	\N	\N
7043	12	\N	\N	\N
7044	12	\N	\N	\N
7045	12	\N	\N	\N
7046	12	\N	\N	\N
7047	12	\N	\N	\N
7048	12	\N	\N	\N
7049	12	\N	\N	\N
7051	12	\N	\N	\N
7052	12	\N	\N	\N
7053	12	\N	\N	\N
7054	12	\N	\N	\N
7055	12	\N	\N	\N
7056	12	\N	\N	\N
7059	12	\N	\N	\N
7060	12	\N	\N	\N
7061	12	\N	\N	\N
7062	12	\N	\N	\N
7063	12	\N	\N	\N
7064	12	\N	\N	\N
7065	12	\N	\N	\N
7066	12	\N	\N	\N
7067	12	\N	\N	\N
7068	12	\N	\N	\N
7069	12	\N	\N	\N
7070	12	\N	\N	\N
7071	12	\N	\N	\N
7072	12	\N	\N	\N
7073	12	\N	\N	\N
7074	12	\N	\N	\N
7075	12	\N	\N	\N
7077	12	\N	\N	\N
7079	12	\N	\N	\N
7080	12	\N	\N	\N
7081	12	\N	\N	\N
7082	12	\N	\N	\N
7083	12	\N	\N	\N
7084	12	\N	\N	\N
7085	12	\N	\N	\N
7086	12	\N	\N	\N
7087	12	\N	\N	\N
7088	12	\N	\N	\N
7089	12	\N	\N	\N
7091	12	\N	\N	\N
7092	12	\N	\N	\N
7093	12	\N	\N	\N
7094	12	\N	\N	\N
7095	12	\N	\N	\N
7096	12	\N	\N	\N
7097	12	\N	\N	\N
7098	12	\N	\N	\N
7099	12	\N	\N	\N
7100	12	\N	\N	\N
7101	12	\N	\N	\N
7102	12	\N	\N	\N
7103	12	\N	\N	\N
7104	12	\N	\N	\N
7107	14	\N	\N	\N
7108	12	\N	\N	\N
7109	12	\N	\N	\N
7110	12	\N	\N	\N
7111	12	\N	\N	\N
7114	12	\N	\N	\N
7115	12	\N	\N	\N
7116	12	\N	\N	\N
7117	12	\N	\N	\N
7121	14	\N	\N	\N
7122	12	\N	\N	\N
7123	12	\N	\N	\N
7125	12	\N	\N	\N
7126	12	\N	\N	\N
7135	12	\N	\N	\N
7136	12	\N	\N	\N
7139	12	\N	\N	\N
7140	12	\N	\N	\N
7144	14	\N	\N	\N
7145	12	\N	\N	\N
7146	12	\N	\N	\N
7149	12	\N	\N	\N
7150	12	\N	\N	\N
7154	12	\N	\N	\N
7155	12	\N	\N	\N
7162	12	\N	\N	\N
7163	12	\N	\N	\N
7164	12	\N	\N	\N
7165	12	\N	\N	\N
7167	12	\N	\N	\N
7168	12	\N	\N	\N
7171	12	\N	\N	\N
7172	12	\N	\N	\N
7173	12	\N	\N	\N
7174	12	\N	\N	\N
7175	12	\N	\N	\N
7176	12	\N	\N	\N
7180	12	\N	\N	\N
7181	12	\N	\N	\N
7183	12	\N	\N	\N
7184	12	\N	\N	\N
7185	12	\N	\N	\N
7186	12	\N	\N	\N
7187	12	\N	\N	\N
7188	12	\N	\N	\N
7190	12	\N	\N	\N
7192	12	\N	\N	\N
7195	12	\N	\N	\N
7196	12	\N	\N	\N
7198	12	\N	\N	\N
7199	12	\N	\N	\N
7200	12	\N	\N	\N
7202	12	\N	\N	\N
7212	12	\N	\N	\N
7214	12	\N	\N	\N
7224	12	\N	\N	\N
7241	12	\N	\N	\N
7245	12	\N	\N	\N
7247	12	\N	\N	\N
7252	12	\N	\N	\N
7262	12	\N	\N	\N
7286	12	\N	\N	\N
7290	12	\N	\N	\N
7293	12	\N	\N	\N
7295	12	\N	\N	\N
7308	12	\N	\N	\N
7310	12	\N	\N	\N
7315	12	\N	\N	\N
7331	12	\N	\N	\N
7339	12	\N	\N	\N
7343	12	\N	\N	\N
7346	12	\N	\N	\N
7348	12	\N	\N	\N
7351	12	\N	\N	\N
7356	12	\N	\N	\N
7358	12	\N	\N	\N
7361	12	\N	\N	\N
7363	12	\N	\N	\N
7366	12	\N	\N	\N
7371	12	\N	\N	\N
7373	12	\N	\N	\N
7381	12	\N	\N	\N
7384	12	\N	\N	\N
7387	12	\N	\N	\N
7389	12	\N	\N	\N
7391	12	\N	\N	\N
7393	12	\N	\N	\N
7397	12	\N	\N	\N
7399	12	\N	\N	\N
7401	12	\N	\N	\N
7403	12	\N	\N	\N
7407	12	\N	\N	\N
7410	12	\N	\N	\N
7413	12	\N	\N	\N
7416	12	\N	\N	\N
7418	12	\N	\N	\N
7422	12	\N	\N	\N
7424	12	\N	\N	\N
7426	12	\N	\N	\N
7430	12	\N	\N	\N
7432	12	\N	\N	\N
7435	12	\N	\N	\N
7438	12	\N	\N	\N
7440	12	\N	\N	\N
7444	12	\N	\N	\N
7447	12	\N	\N	\N
7449	12	\N	\N	\N
7451	12	\N	\N	\N
7454	12	\N	\N	\N
7464	12	\N	\N	\N
7466	12	\N	\N	\N
7469	12	\N	\N	\N
7471	12	\N	\N	\N
7508	12	\N	\N	\N
7510	12	\N	\N	\N
7513	12	\N	\N	\N
7520	12	\N	\N	\N
7526	12	\N	\N	\N
7536	12	\N	\N	\N
7539	12	\N	\N	\N
7541	12	\N	\N	\N
7546	12	\N	\N	\N
7549	12	\N	\N	\N
7551	12	\N	\N	\N
7557	12	\N	\N	\N
7559	12	\N	\N	\N
7561	12	\N	\N	\N
7566	12	\N	\N	\N
7570	12	\N	\N	\N
7572	12	\N	\N	\N
7576	12	\N	\N	\N
7578	12	\N	\N	\N
7581	12	\N	\N	\N
7583	12	\N	\N	\N
7585	12	\N	\N	\N
7590	12	\N	\N	\N
7592	12	\N	\N	\N
7594	12	\N	\N	\N
7598	12	\N	\N	\N
7601	12	\N	\N	\N
7606	12	\N	\N	\N
7609	12	\N	\N	\N
7613	12	\N	\N	\N
7615	12	\N	\N	\N
7617	12	\N	\N	\N
7620	12	\N	\N	\N
7622	12	\N	\N	\N
7627	12	\N	\N	\N
7629	12	\N	\N	\N
7638	12	\N	\N	\N
7640	12	\N	\N	\N
7642	12	\N	\N	\N
7644	12	\N	\N	\N
7646	12	\N	\N	\N
7648	12	\N	\N	\N
7650	12	\N	\N	\N
7656	12	\N	\N	\N
7662	12	\N	\N	\N
7672	12	\N	\N	\N
7674	12	\N	\N	\N
7677	12	\N	\N	\N
7679	12	\N	\N	\N
7682	12	\N	\N	\N
7685	12	\N	\N	\N
7687	12	\N	\N	\N
7689	12	\N	\N	\N
7691	12	\N	\N	\N
7693	12	\N	\N	\N
7696	12	\N	\N	\N
7699	12	\N	\N	\N
7704	12	\N	\N	\N
7706	12	\N	\N	\N
7708	12	\N	\N	\N
7710	12	\N	\N	\N
7713	12	\N	\N	\N
7724	12	\N	\N	\N
7820	15	\N	\N	\N
7828	16	\N	\N	\N
8668	12	\N	\N	\N
8739	12	\N	\N	\N
8962	12	\N	\N	\N
8963	12	\N	\N	\N
8964	12	\N	\N	\N
8965	12	\N	\N	\N
8966	12	\N	\N	\N
8967	12	\N	\N	\N
8968	12	\N	\N	\N
8969	12	\N	\N	\N
8970	12	\N	\N	\N
8971	12	\N	\N	\N
8972	12	\N	\N	\N
8973	12	\N	\N	\N
8974	12	\N	\N	\N
8975	12	\N	\N	\N
8976	12	\N	\N	\N
8977	12	\N	\N	\N
8978	12	\N	\N	\N
8979	12	\N	\N	\N
8980	12	\N	\N	\N
8981	12	\N	\N	\N
8993	12	\N	\N	\N
8994	12	\N	\N	\N
8995	12	\N	\N	\N
8996	12	\N	\N	\N
8997	12	\N	\N	\N
8998	12	\N	\N	\N
8999	12	\N	\N	\N
9000	12	\N	\N	\N
9001	12	\N	\N	\N
9002	12	\N	\N	\N
9003	12	\N	\N	\N
9004	12	\N	\N	\N
9005	12	\N	\N	\N
9006	12	\N	\N	\N
9007	12	\N	\N	\N
9008	12	\N	\N	\N
9009	12	\N	\N	\N
9010	12	\N	\N	\N
9011	12	\N	\N	\N
9012	12	\N	\N	\N
9013	12	\N	\N	\N
9014	12	\N	\N	\N
9015	12	\N	\N	\N
9016	12	\N	\N	\N
9018	12	\N	\N	\N
9019	12	\N	\N	\N
9020	12	\N	\N	\N
9021	12	\N	\N	\N
9022	12	\N	\N	\N
9023	12	\N	\N	\N
9024	12	\N	\N	\N
9025	12	\N	\N	\N
9026	12	\N	\N	\N
9027	12	\N	\N	\N
9028	12	\N	\N	\N
9029	12	\N	\N	\N
9030	12	\N	\N	\N
9032	12	\N	\N	\N
9034	12	\N	\N	\N
9035	12	\N	\N	\N
9037	12	\N	\N	\N
9040	12	\N	\N	\N
9042	12	\N	\N	\N
9043	12	\N	\N	\N
9048	12	\N	\N	\N
9049	12	\N	\N	\N
9050	12	\N	\N	\N
9051	12	\N	\N	\N
9053	12	\N	\N	\N
9054	12	\N	\N	\N
9057	12	\N	\N	\N
9059	12	\N	\N	\N
9061	12	\N	\N	\N
9062	12	\N	\N	\N
9063	12	\N	\N	\N
9064	12	\N	\N	\N
9065	12	\N	\N	\N
9066	12	\N	\N	\N
9068	12	\N	\N	\N
9070	12	\N	\N	\N
9071	12	\N	\N	\N
9072	12	\N	\N	\N
9073	12	\N	\N	\N
9074	12	\N	\N	\N
9075	12	\N	\N	\N
9076	12	\N	\N	\N
9077	12	\N	\N	\N
9079	12	\N	\N	\N
9080	12	\N	\N	\N
9081	12	\N	\N	\N
9082	12	\N	\N	\N
9084	12	\N	\N	\N
9085	12	\N	\N	\N
9086	12	\N	\N	\N
9087	12	\N	\N	\N
9088	12	\N	\N	\N
9090	12	\N	\N	\N
9091	12	\N	\N	\N
9092	12	\N	\N	\N
9094	12	\N	\N	\N
9095	12	\N	\N	\N
9096	12	\N	\N	\N
9097	12	\N	\N	\N
9098	12	\N	\N	\N
9099	12	\N	\N	\N
9100	12	\N	\N	\N
9101	12	\N	\N	\N
9102	12	\N	\N	\N
9103	12	\N	\N	\N
9104	12	\N	\N	\N
9105	12	\N	\N	\N
9106	12	\N	\N	\N
9107	12	\N	\N	\N
9108	12	\N	\N	\N
9109	12	\N	\N	\N
9110	12	\N	\N	\N
9111	12	\N	\N	\N
9112	12	\N	\N	\N
9113	12	\N	\N	\N
9114	12	\N	\N	\N
9115	12	\N	\N	\N
9118	12	\N	\N	\N
9119	12	\N	\N	\N
9120	12	\N	\N	\N
9121	12	\N	\N	\N
9122	12	\N	\N	\N
9123	12	\N	\N	\N
9124	12	\N	\N	\N
9125	12	\N	\N	\N
9126	12	\N	\N	\N
9127	12	\N	\N	\N
9128	12	\N	\N	\N
9129	12	\N	\N	\N
9130	12	\N	\N	\N
9131	12	\N	\N	\N
9132	12	\N	\N	\N
9133	12	\N	\N	\N
9134	12	\N	\N	\N
9135	12	\N	\N	\N
9136	12	\N	\N	\N
9137	23	\N	\N	\N
9138	12	\N	\N	\N
9139	12	\N	\N	\N
9140	12	\N	\N	\N
9141	12	\N	\N	\N
9142	12	\N	\N	\N
9143	12	\N	\N	\N
9144	23	\N	\N	\N
9145	12	\N	\N	\N
9147	12	\N	\N	\N
9148	12	\N	\N	\N
9149	12	\N	\N	\N
9150	23	\N	\N	\N
9151	12	\N	\N	\N
9152	12	\N	\N	\N
9153	12	\N	\N	\N
9154	12	\N	\N	\N
9155	12	\N	\N	\N
9156	12	\N	\N	\N
9157	12	\N	\N	\N
9158	12	\N	\N	\N
9159	12	\N	\N	\N
9160	12	\N	\N	\N
9161	12	\N	\N	\N
9162	12	\N	\N	\N
9164	12	\N	\N	\N
9165	12	\N	\N	\N
9166	12	\N	\N	\N
9167	12	\N	\N	\N
9168	12	\N	\N	\N
9169	12	\N	\N	\N
9170	12	\N	\N	\N
9171	12	\N	\N	\N
9172	12	\N	\N	\N
9173	12	\N	\N	\N
9174	12	\N	\N	\N
9175	12	\N	\N	\N
9176	12	\N	\N	\N
9177	12	\N	\N	\N
9178	12	\N	\N	\N
9179	12	\N	\N	\N
9180	12	\N	\N	\N
9181	23	\N	\N	\N
9182	12	\N	\N	\N
9183	12	\N	\N	\N
9184	12	\N	\N	\N
9185	12	\N	\N	\N
9186	12	\N	\N	\N
9187	12	\N	\N	\N
9188	12	\N	\N	\N
9189	12	\N	\N	\N
9190	12	\N	\N	\N
9191	12	\N	\N	\N
9192	12	\N	\N	\N
9193	12	\N	\N	\N
9198	12	\N	\N	\N
9200	12	\N	\N	\N
9204	23	\N	\N	\N
9208	12	\N	\N	\N
9209	12	\N	\N	\N
9210	12	\N	\N	\N
9211	12	\N	\N	\N
9212	12	\N	\N	\N
9214	12	\N	\N	\N
9216	12	\N	\N	\N
9217	14	\N	\N	\N
9220	12	\N	\N	\N
9221	12	\N	\N	\N
9225	12	\N	\N	\N
9226	12	\N	\N	\N
9227	12	\N	\N	\N
9229	12	\N	\N	\N
9231	12	\N	\N	\N
9233	12	\N	\N	\N
9234	12	\N	\N	\N
9235	12	\N	\N	\N
9236	12	\N	\N	\N
9237	12	\N	\N	\N
9238	12	\N	\N	\N
9240	12	\N	\N	\N
9242	12	\N	\N	\N
9244	12	\N	\N	\N
9247	14	\N	\N	\N
9253	12	\N	\N	\N
9254	12	\N	\N	\N
9255	12	\N	\N	\N
9260	12	\N	\N	\N
9262	12	\N	\N	\N
9263	12	\N	\N	\N
9264	12	\N	\N	\N
9266	12	\N	\N	\N
9268	14	\N	\N	\N
9273	12	\N	\N	\N
9277	12	\N	\N	\N
9280	12	\N	\N	\N
9285	12	\N	\N	\N
9286	12	\N	\N	\N
9289	12	\N	\N	\N
9290	12	\N	\N	\N
9294	12	\N	\N	\N
9295	12	\N	\N	\N
9296	12	\N	\N	\N
9297	12	\N	\N	\N
9298	12	\N	\N	\N
9299	12	\N	\N	\N
9301	12	\N	\N	\N
9302	23	\N	\N	\N
9303	12	\N	\N	\N
9304	12	\N	\N	\N
9305	12	\N	\N	\N
9306	12	\N	\N	\N
9307	12	\N	\N	\N
9308	12	\N	\N	\N
9310	12	\N	\N	\N
9311	12	\N	\N	\N
9312	12	\N	\N	\N
9313	12	\N	\N	\N
9315	12	\N	\N	\N
9316	12	\N	\N	\N
9317	12	\N	\N	\N
9319	12	\N	\N	\N
9320	12	\N	\N	\N
9321	12	\N	\N	\N
9322	12	\N	\N	\N
9324	12	\N	\N	\N
9325	12	\N	\N	\N
9326	12	\N	\N	\N
9327	12	\N	\N	\N
9440	12	\N	\N	\N
9529	12	\N	\N	\N
9613	12	\N	\N	\N
9636	12	\N	\N	\N
9640	12	\N	\N	\N
9641	12	\N	\N	\N
9648	12	\N	\N	\N
9652	12	\N	\N	\N
9654	12	\N	\N	\N
9655	12	\N	\N	\N
9656	12	\N	\N	\N
9662	12	\N	\N	\N
9666	12	\N	\N	\N
9671	12	\N	\N	\N
9672	12	\N	\N	\N
9677	12	\N	\N	\N
9697	12	\N	\N	\N
9707	12	\N	\N	\N
9712	12	\N	\N	\N
9714	12	\N	\N	\N
9716	12	\N	\N	\N
9719	23	\N	\N	\N
9721	12	\N	\N	\N
9723	23	\N	\N	\N
9724	23	\N	\N	\N
9726	12	\N	\N	\N
9728	12	\N	\N	\N
9730	23	\N	\N	\N
9731	12	\N	\N	\N
9737	12	\N	\N	\N
9738	12	\N	\N	\N
9740	12	\N	\N	\N
9741	12	\N	\N	\N
9753	12	\N	\N	\N
9755	12	\N	\N	\N
9758	12	\N	\N	\N
9760	12	\N	\N	\N
9762	23	\N	\N	\N
9765	12	\N	\N	\N
9766	12	\N	\N	\N
9767	23	\N	\N	\N
9768	12	\N	\N	\N
9770	12	\N	\N	\N
10384	12	\N	\N	\N
10385	12	\N	\N	\N
10388	12	\N	\N	\N
10390	12	\N	\N	\N
10391	12	\N	\N	\N
10393	12	\N	\N	\N
10394	12	\N	\N	\N
10395	12	\N	\N	\N
10396	12	\N	\N	\N
10398	12	\N	\N	\N
10399	12	\N	\N	\N
10401	12	\N	\N	\N
10410	12	\N	\N	\N
10412	12	\N	\N	\N
10413	12	\N	\N	\N
10414	12	\N	\N	\N
10415	12	\N	\N	\N
10416	12	\N	\N	\N
10417	12	\N	\N	\N
10556	12	\N	\N	\N
10583	12	\N	\N	\N
10595	12	\N	\N	\N
10602	12	\N	\N	\N
10697	15	\N	\N	\N
10700	15	\N	\N	\N
10701	23	\N	\N	\N
10702	23	\N	\N	\N
10703	14	\N	\N	\N
10704	23	\N	\N	\N
10705	15	\N	\N	\N
10706	14	\N	\N	\N
10707	23	\N	\N	\N
10708	15	\N	\N	\N
10709	15	\N	\N	\N
10711	23	\N	\N	\N
10712	23	\N	\N	\N
10713	23	\N	\N	\N
10714	15	\N	\N	\N
10715	15	\N	\N	\N
10716	15	\N	\N	\N
10717	12	\N	\N	\N
10718	12	\N	\N	\N
10719	15	\N	\N	\N
10727	15	\N	\N	\N
10954	12	\N	\N	\N
10955	12	\N	\N	\N
10956	12	\N	\N	\N
10957	12	\N	\N	\N
10961	7	\N	\N	\N
11147	14	\N	\N	\N
11148	14	\N	\N	\N
11235	7	\N	\N	\N
11259	7	\N	\N	\N
11265	7	\N	\N	\N
11266	7	\N	\N	\N
11267	7	\N	\N	\N
11268	7	\N	\N	\N
11275	7	\N	\N	\N
11425	33	\N	\N	\N
11426	33	\N	\N	\N
11516	34	\N	\N	\N
11540	34	\N	\N	\N
11604	34	\N	\N	\N
11621	34	\N	\N	\N
11626	34	\N	\N	\N
11904	9	\N	\N	\N
11905	8	\N	\N	\N
11906	9	\N	\N	\N
11907	8	\N	\N	\N
11908	8	\N	\N	\N
11909	8	\N	\N	\N
11910	8	\N	\N	\N
11911	9	\N	\N	\N
11912	8	\N	\N	\N
11913	8	\N	\N	\N
11915	9	\N	\N	\N
11916	8	\N	\N	\N
11917	8	\N	\N	\N
11918	8	\N	\N	\N
11919	8	\N	\N	\N
11920	9	\N	\N	\N
11921	8	\N	\N	\N
11922	9	\N	\N	\N
11923	8	\N	\N	\N
11924	8	\N	\N	\N
11925	8	\N	\N	\N
11928	9	\N	\N	\N
11929	8	\N	\N	\N
11930	8	\N	\N	\N
11933	9	\N	\N	\N
11934	8	\N	\N	\N
11939	9	\N	\N	\N
11940	8	\N	\N	\N
11972	9	\N	\N	\N
11973	8	\N	\N	\N
11976	9	\N	\N	\N
11977	8	\N	\N	\N
11980	9	\N	\N	\N
11981	8	\N	\N	\N
11982	9	\N	\N	\N
11983	8	\N	\N	\N
11986	9	\N	\N	\N
11987	8	\N	\N	\N
11988	9	\N	\N	\N
11989	8	\N	\N	\N
11992	9	\N	\N	\N
11993	8	\N	\N	\N
11994	9	\N	\N	\N
11995	8	\N	\N	\N
12001	9	\N	\N	\N
12002	8	\N	\N	\N
12004	9	\N	\N	\N
12005	8	\N	\N	\N
12006	9	\N	\N	\N
12007	8	\N	\N	\N
12008	9	\N	\N	\N
12009	8	\N	\N	\N
12010	9	\N	\N	\N
12011	8	\N	\N	\N
12014	9	\N	\N	\N
12015	8	\N	\N	\N
12018	9	\N	\N	\N
12019	8	\N	\N	\N
12067	9	\N	\N	\N
12068	8	\N	\N	\N
12069	9	\N	\N	\N
12070	8	\N	\N	\N
12071	9	\N	\N	\N
12072	8	\N	\N	\N
12073	9	\N	\N	\N
12074	8	\N	\N	\N
12075	9	\N	\N	\N
12076	8	\N	\N	\N
12077	9	\N	\N	\N
12078	8	\N	\N	\N
12079	9	\N	\N	\N
12080	8	\N	\N	\N
12081	9	\N	\N	\N
12082	8	\N	\N	\N
12085	9	\N	\N	\N
12086	8	\N	\N	\N
12094	9	\N	\N	\N
12095	8	\N	\N	\N
12096	8	\N	\N	\N
12101	9	\N	\N	\N
12102	8	\N	\N	\N
12103	35	\N	\N	\N
12105	9	\N	\N	\N
12106	8	\N	\N	\N
12110	9	\N	\N	\N
12111	8	\N	\N	\N
12112	8	\N	\N	\N
12113	9	\N	\N	\N
12114	8	\N	\N	\N
12115	9	\N	\N	\N
12116	8	\N	\N	\N
12117	9	\N	\N	\N
12118	8	\N	\N	\N
12119	9	\N	\N	\N
12120	8	\N	\N	\N
12124	9	\N	\N	\N
12125	8	\N	\N	\N
12126	9	\N	\N	\N
12127	8	\N	\N	\N
12128	8	\N	\N	\N
12133	9	\N	\N	\N
12134	8	\N	\N	\N
12137	9	\N	\N	\N
12138	8	\N	\N	\N
12139	9	\N	\N	\N
12140	8	\N	\N	\N
12143	9	\N	\N	\N
12144	8	\N	\N	\N
12145	9	\N	\N	\N
12146	8	\N	\N	\N
12147	8	\N	\N	\N
12150	9	\N	\N	\N
12151	8	\N	\N	\N
12152	9	\N	\N	\N
12153	8	\N	\N	\N
12155	9	\N	\N	\N
12156	8	\N	\N	\N
12157	8	\N	\N	\N
12158	8	\N	\N	\N
12159	8	\N	\N	\N
12160	8	\N	\N	\N
12161	8	\N	\N	\N
12162	9	\N	\N	\N
12163	8	\N	\N	\N
12176	9	\N	\N	\N
12177	8	\N	\N	\N
12180	9	\N	\N	\N
12181	8	\N	\N	\N
12182	9	\N	\N	\N
12183	8	\N	\N	\N
12184	9	\N	\N	\N
12185	8	\N	\N	\N
12186	9	\N	\N	\N
12187	8	\N	\N	\N
12188	9	\N	\N	\N
12189	8	0	0	\N
12190	9	\N	\N	\N
12191	8	\N	\N	\N
12192	9	\N	\N	\N
12193	8	\N	\N	\N
12205	9	\N	\N	\N
12206	8	\N	\N	\N
12207	9	\N	\N	\N
12208	8	\N	\N	\N
12209	9	\N	\N	\N
12210	8	\N	\N	\N
12211	9	\N	\N	\N
12212	8	\N	\N	\N
12215	9	\N	\N	\N
12216	8	\N	\N	\N
12239	9	\N	\N	\N
12240	8	\N	\N	\N
12242	9	\N	\N	\N
12243	8	\N	\N	\N
12244	41	\N	\N	\N
12252	36	\N	\N	\N
12257	41	\N	\N	\N
12259	41	\N	\N	\N
12260	41	\N	\N	\N
12269	41	\N	\N	\N
12273	9	\N	\N	\N
12274	8	0	0	\N
12275	9	\N	\N	\N
12276	8	1	1508423101	59e8b5bde790b
12277	9	\N	\N	\N
12278	8	1	1508423101	59e8b5bde790b
12279	9	\N	\N	\N
12280	8	1	1508423101	59e8b5bde790b
12283	41	\N	\N	\N
12284	41	\N	\N	\N
12287	9	\N	\N	\N
12288	8	1	1508423101	59e8b5bde790b
12289	41	\N	\N	\N
12292	41	\N	\N	\N
12294	41	\N	\N	\N
12298	41	\N	\N	\N
12302	41	\N	\N	\N
12306	41	\N	\N	\N
12310	41	\N	\N	\N
12314	41	\N	\N	\N
12318	41	\N	\N	\N
12320	9	\N	\N	\N
12321	8	1	1508423101	59e8b5bde790b
12322	41	\N	\N	\N
12325	9	\N	\N	\N
12326	8	1	1508423101	59e8b5bde790b
12332	9	\N	\N	\N
12333	8	1	1508423101	59e8b5bde790b
12334	9	\N	\N	\N
12335	8	1	1508423101	59e8b5bde790b
12336	9	\N	\N	\N
12337	8	0	0	\N
12343	9	\N	\N	\N
12344	8	1	1508423101	59e8b5bde790b
12346	9	\N	\N	\N
12347	8	1	1508423101	59e8b5bde790b
12350	41	\N	\N	\N
12352	9	\N	\N	\N
12353	8	1	1508423101	59e8b5bde790b
12356	41	\N	\N	\N
12358	9	\N	\N	\N
12359	8	0	0	\N
12366	36	\N	\N	\N
12367	37	0	0	\N
12368	9	\N	\N	\N
12369	8	0	0	\N
12372	41	\N	\N	\N
12374	9	\N	\N	\N
12375	8	0	0	\N
12381	36	\N	\N	\N
12382	37	0	0	\N
12383	37	0	0	\N
12384	37	0	0	\N
12385	9	\N	\N	\N
12386	8	0	0	\N
12388	9	\N	\N	\N
12389	8	0	0	\N
12390	9	\N	\N	\N
12391	8	0	0	\N
12392	9	\N	\N	\N
12393	8	0	0	\N
12395	41	\N	\N	\N
12397	9	\N	\N	\N
12398	8	0	0	\N
12400	9	\N	\N	\N
12401	8	0	0	\N
12403	9	\N	\N	\N
12404	8	0	0	\N
12405	9	\N	\N	\N
12406	8	0	0	\N
12407	9	\N	\N	\N
12408	8	0	0	\N
12409	9	\N	\N	\N
12410	8	0	0	\N
12411	9	\N	\N	\N
12412	8	0	0	\N
12413	9	\N	\N	\N
12414	8	1	1508424902	59e8bcc66e755
12415	9	\N	\N	\N
12416	8	1	1508424902	59e8bcc66e755
